category,principle,goal,logprob
CCPA,2,5,-0.710953
CCPA,3,9,-0.331782
CCPA,4,12,-0.313267
LGPD - Law 13709,4,10,-0.689968
LGPD - Law 13709,4,11,-0.196738
LGPD - Law 13709,7,21,-0.50343
Law 25316,5,15,-0.258993
Law 18331,1,0,-0.313964
Law 18331,2,5,-0.371136